minute_block,pressure
2025-07-12 22:02,239.9741935483871
2025-07-12 22:03,245.92857142857142
2025-07-12 22:04,243.45
2025-07-12 22:05,238.1829268292683
2025-07-12 22:06,227.29736842105262
2025-07-12 22:07,228.0560975609756
2025-07-12 22:08,239.2560975609756
2025-07-12 22:09,245.53249999999997
2025-07-12 22:10,243.5625
2025-07-12 22:11,239.24358974358975
2025-07-12 22:12,227.42249999999999
2025-07-12 22:13,233.73170731707316
2025-07-12 22:14,220.5175
2025-07-12 22:15,221.99268292682927
2025-07-12 22:16,207.1820512820513
2025-07-12 22:17,203.33499999999998
2025-07-12 22:18,214.5725
2025-07-12 22:19,231.2947368421053
2025-07-12 22:20,222.70731707317074
2025-07-12 22:21,206.3
2025-07-12 22:22,230.55384615384617
2025-07-12 22:23,243.675
2025-07-12 22:24,241.64210526315787
2025-07-12 22:25,240.98717948717947
2025-07-12 22:26,242.565
2025-07-12 22:27,134.7
2025-07-12 22:28,136.40243902439025
2025-07-12 22:29,133.56578947368422
2025-07-12 22:30,117.75999999999999
2025-07-12 22:31,119.69024390243902
2025-07-12 22:32,135.3219512195122
2025-07-12 22:33,147.11463414634147
2025-07-12 22:34,155.8175
2025-07-12 22:35,144.0125
2025-07-12 22:36,110.85499999999999
2025-07-12 22:37,95.575
2025-07-12 22:38,61.485
2025-07-12 22:39,50.052499999999995
2025-07-12 22:40,67.01794871794871
2025-07-12 22:41,68.59024390243901
2025-07-12 22:42,100.9875
2025-07-12 22:43,131.09473684210528
2025-07-12 22:44,132.6681818181818
2025-07-12 22:45,95.6875
2025-07-12 22:46,90.4425
2025-07-12 22:47,87.59
2025-07-12 22:48,106.79
2025-07-12 22:49,108.84
2025-07-12 22:50,102.03636363636365
2025-07-12 22:51,98.81818181818181
2025-07-12 22:52,79.53636363636363
2025-07-12 22:53,77.2
2025-07-12 22:54,78.89090909090909
2025-07-12 22:55,71.7909090909091
2025-07-12 22:56,76.70909090909092
2025-07-12 22:57,81.74166666666666
2025-07-12 22:58,81.32727272727273
2025-07-12 22:59,72.97999999999999
2025-07-12 23:00,58.99090909090909
2025-07-12 23:01,44.199999999999996
2025-07-12 23:02,39.809090909090905
2025-07-12 23:03,38.9
2025-07-12 23:57,110.19999999999999
2025-07-12 23:58,116.6
2025-07-12 23:59,122.19090909090909
2025-07-13 00:00,111.28181818181817
2025-07-13 00:01,114.88333333333333
2025-07-13 00:02,96.05833333333334
2025-07-13 00:03,84.0909090909091
2025-07-13 00:04,81.7090909090909
2025-07-13 00:05,83.42727272727274
2025-07-13 00:06,76.01818181818182
2025-07-13 00:07,67.54545454545455
2025-07-13 00:08,75.36363636363636
2025-07-13 00:09,80.72727272727273
2025-07-13 00:10,75.96000000000001
2025-07-13 00:11,88.34545454545454
2025-07-13 00:12,89.45454545454545
2025-07-13 00:13,77.77272727272727
2025-07-13 00:14,68.42727272727274
2025-07-13 00:15,56.709090909090904
2025-07-13 00:16,55.13636363636363
2025-07-13 00:17,56.09090909090909
2025-07-13 00:18,47.49090909090909
2025-07-13 00:19,36.20909090909091
2025-07-13 00:20,26.79090909090909
2025-07-13 00:21,18.91
2025-07-13 00:22,31.636363636363637
2025-07-13 00:23,25.227272727272727
2025-07-13 00:24,24.145454545454548
2025-07-13 00:25,20.914285714285715
2025-07-13 00:26,109.10000000000001
2025-07-13 00:27,108.89090909090909
2025-07-13 00:28,110.35454545454546
2025-07-13 00:29,107.01818181818182
2025-07-13 00:30,101.65454545454546
2025-07-13 00:31,105.2090909090909
2025-07-13 00:32,108.86363636363636
2025-07-13 00:33,116.34545454545454
2025-07-13 00:34,119.2
2025-07-13 00:35,118.5090909090909
2025-07-13 00:36,127.93636363636364
2025-07-13 00:37,128.23
2025-07-13 00:38,133.97272727272727
2025-07-13 00:39,148.9
2025-07-13 00:40,146.60909090909092
2025-07-13 00:41,145.95000000000002
2025-07-13 00:42,149.20000000000002
2025-07-13 00:43,150.97272727272727
2025-07-13 00:44,155.9090909090909
2025-07-13 00:45,153.0909090909091
2025-07-13 00:46,164.35454545454544
2025-07-13 00:47,166.59
2025-07-13 00:48,161.75454545454545
2025-07-13 00:49,153.04545454545453
2025-07-13 00:50,152.78181818181818
2025-07-13 00:51,152.3941176470588
2025-07-13 00:52,150.36
2025-07-13 00:53,155.10666666666665
2025-07-13 00:54,167.6529411764706
2025-07-13 00:55,179.16666666666666
2025-07-13 00:56,177.80555555555554
2025-07-13 00:57,160.4
2025-07-13 00:58,154.37692307692308
2025-07-13 00:59,153.58666666666667
2025-07-13 01:00,150.9470588235294
2025-07-13 01:01,139.17333333333332
2025-07-13 01:02,136.13333333333335
2025-07-13 01:03,131.8470588235294
2025-07-13 01:04,136.19375
2025-07-13 01:05,143.28235294117647
2025-07-13 01:06,133.63333333333333
2025-07-13 01:07,130.125
2025-07-13 01:08,148.22857142857143
2025-07-13 01:09,165.2941176470588
2025-07-13 01:10,158.88
2025-07-13 01:11,152.0875
2025-07-13 01:12,145.64999999999998
2025-07-13 01:13,139.66470588235296
2025-07-13 01:14,142.76470588235293
2025-07-13 01:15,135.34375
2025-07-13 01:16,127.61764705882354
2025-07-13 01:17,129.75
2025-07-13 01:18,131.99375
2025-07-13 01:19,118.58666666666666
2025-07-13 01:20,128.11176470588236
2025-07-13 01:21,131.64117647058825
2025-07-13 01:22,131.4625
2025-07-13 01:23,131.24285714285716
2025-07-13 01:24,133.06153846153845
2025-07-13 01:25,125.99285714285715
2025-07-13 01:26,126.37857142857142
2025-07-13 01:27,123.30714285714285
2025-07-13 01:28,112.11666666666667
2025-07-13 01:29,116.78571428571429
2025-07-13 01:30,106.53529411764706
2025-07-13 01:31,103.96111111111111
2025-07-13 01:32,123.24615384615385
2025-07-13 01:33,127.12666666666668
2025-07-13 01:34,146.24705882352941
2025-07-13 01:35,163.61176470588236
2025-07-13 01:36,168.45625
2025-07-13 01:37,163.94615384615386
2025-07-13 01:38,149.56875
2025-07-13 01:39,138.0375
2025-07-13 01:40,151.42666666666668
2025-07-13 01:41,161.3875
2025-07-13 01:42,160.2642857142857
2025-07-13 01:43,152.0375
2025-07-13 01:44,152.46923076923076
2025-07-13 01:45,148.79285714285714
2025-07-13 01:46,160.95
2025-07-13 01:47,166.525
2025-07-13 01:48,167.05555555555554
2025-07-13 02:11,143.55
2025-07-13 02:12,102.0090909090909
2025-07-13 02:13,84.34545454545454
2025-07-13 02:40,106.0
2025-07-13 02:41,102.7909090909091
2025-07-13 02:42,104.2818181818182
2025-07-13 02:43,101.7090909090909
2025-07-13 02:44,105.1
2025-07-13 02:45,108.34545454545454
2025-07-13 02:46,106.74545454545455
2025-07-13 02:47,106.12727272727274
2025-07-13 02:48,99.85000000000001
2025-07-13 02:59,105.92500000000001
2025-07-13 03:00,107.05454545454545
2025-07-13 03:01,114.6
2025-07-13 10:53,113.2
2025-07-13 10:54,119.1
2025-07-13 10:55,123.47999999999999
2025-07-13 10:56,121.21818181818183
2025-07-13 10:57,116.9909090909091
2025-07-13 10:58,128.20000000000002
2025-07-13 10:59,133.58333333333334
2025-07-13 11:00,126.69090909090909
2025-07-13 11:01,117.46363636363635
2025-07-13 11:02,112.1
2025-07-13 12:39,105.37
2025-07-13 12:40,108.15
2025-07-13 13:16,115.1
2025-07-13 13:17,122.67272727272729
2025-07-13 13:18,116.22222222222223
2025-07-13 14:18,108.575
2025-07-13 14:19,110.08181818181819
2025-07-13 14:20,115.88571428571429
2025-07-13 23:58,107.35
2025-07-13 23:59,109.82727272727274
2025-07-14 00:00,94.24545454545455
2025-07-14 00:01,113.12
2025-07-14 00:02,133.8777777777778
2025-07-14 00:03,115.92727272727274
2025-07-14 00:04,116.31818181818181
2025-07-14 00:05,111.35454545454546
2025-07-14 00:06,112.31818181818181
2025-07-14 00:07,90.22727272727273
2025-07-14 00:08,81.4090909090909
2025-07-14 00:09,74.33636363636364
2025-07-14 00:10,80.10909090909091
2025-07-14 00:11,90.05
2025-07-14 00:12,86.30000000000001
2025-07-14 00:13,96.96363636363635
2025-07-14 00:14,105.33333333333333
2025-07-14 01:03,113.43333333333334
2025-07-14 01:04,118.2909090909091
2025-07-14 01:05,121.66363636363636
2025-07-14 01:06,116.42727272727274
2025-07-14 01:07,116.10833333333333
2025-07-14 01:08,122.85454545454544
2025-07-14 01:09,130.4181818181818
2025-07-14 01:10,130.28
2025-07-14 01:59,102.8
2025-07-14 02:00,106.49000000000001
2025-07-14 02:01,96.13333333333333
2025-07-14 10:45,108.15
2025-07-14 13:52,111.075
2025-07-14 13:53,109.4909090909091
2025-07-14 13:54,99.4090909090909
2025-07-14 13:55,93.51818181818182
2025-07-14 13:56,98.67272727272729
2025-07-14 13:57,107.27272727272727
2025-07-14 13:58,111.54545454545455
2025-07-14 13:59,106.47272727272728
2025-07-14 14:00,99.24545454545455
2025-07-14 14:01,85.36363636363636
2025-07-14 14:02,82.07272727272726
2025-07-14 14:03,73.93636363636364
2025-07-14 14:04,66.49090909090908
2025-07-14 14:05,68.7
2025-07-14 14:06,66.64999999999999
2025-07-14 14:07,66.31818181818181
2025-07-14 14:08,63.31818181818182
2025-07-14 14:09,58.28181818181818
2025-07-14 14:10,48.709090909090904
2025-07-14 14:11,36.309090909090905
2025-07-14 14:12,35.86363636363637
2025-07-14 14:13,36.56363636363636
2025-07-14 14:14,14.509090909090908
2025-07-14 14:15,6.13
2025-07-14 14:16,15.399999999999999
2025-07-14 14:17,20.990909090909092
2025-07-14 14:18,32.345454545454544
2025-07-14 14:19,30.345454545454547
2025-07-14 14:20,33.5
2025-07-14 14:21,52.28181818181818
2025-07-14 14:22,54.63636363636363
2025-07-14 14:23,51.21818181818182
2025-07-14 14:24,42.0
2025-07-14 14:25,38.43
2025-07-14 14:26,41.52727272727273
2025-07-14 14:27,49.90909090909091
2025-07-14 14:28,56.60909090909092
2025-07-14 14:29,67.89090909090909
2025-07-14 14:30,73.34545454545454
2025-07-14 14:31,76.32727272727273
2025-07-14 14:32,70.84545454545454
2025-07-14 14:33,73.54545454545455
2025-07-14 14:34,62.627272727272725
2025-07-14 14:35,45.836363636363636
2025-07-14 14:36,40.010000000000005
2025-07-14 14:37,46.31818181818182
2025-07-14 14:38,57.958333333333336
2025-07-14 14:39,73.64545454545454
2025-07-14 14:40,74.33636363636364
2025-07-14 14:41,65.0
2025-07-14 14:42,54.26363636363636
2025-07-14 14:43,56.00909090909091
2025-07-14 14:44,59.38181818181818
2025-07-14 14:45,63.04545454545455
2025-07-14 14:46,65.84
2025-07-14 14:47,78.75454545454545
2025-07-14 14:48,91.44
2025-07-14 14:49,97.5090909090909
2025-07-14 14:50,99.60909090909091
2025-07-14 14:51,110.41818181818181
2025-07-14 14:52,112.5909090909091
2025-07-14 14:53,109.24166666666667
2025-07-14 14:54,104.60909090909091
2025-07-14 14:55,111.60909090909091
2025-07-14 14:56,106.95454545454545
2025-07-14 14:57,133.41
2025-07-14 14:58,137.89999999999998
2025-07-14 14:59,140.28181818181818
2025-07-14 15:00,134.6727272727273
2025-07-14 15:01,136.71818181818182
2025-07-14 15:02,139.95454545454547
2025-07-14 15:03,139.9909090909091
2025-07-14 15:04,136.47272727272727
2025-07-14 15:05,147.22727272727272
2025-07-14 15:06,147.48181818181817
2025-07-14 15:07,144.1909090909091
2025-07-14 15:08,145.67000000000002
2025-07-14 15:09,145.22727272727272
2025-07-14 15:10,138.84545454545454
2025-07-14 15:11,135.5818181818182
2025-07-14 15:12,124.95454545454545
2025-07-14 15:13,125.7
2025-07-14 15:14,126.55454545454545
2025-07-14 15:15,132.94545454545457
2025-07-14 15:16,139.57272727272726
2025-07-14 15:17,134.5909090909091
2025-07-14 15:18,142.8272727272727
2025-07-14 15:19,152.57
2025-07-14 15:20,143.02
2025-07-14 15:21,149.0818181818182
2025-07-14 15:22,157.50909090909093
2025-07-14 15:23,171.0
2025-07-14 15:24,170.0818181818182
2025-07-14 15:25,171.85
2025-07-14 17:16,164.4
2025-07-14 17:17,161.13636363636363
2025-07-14 17:18,161.45454545454547
2025-07-14 17:19,150.28181818181818
2025-07-14 17:20,152.60909090909092
2025-07-14 17:21,149.89090909090908
2025-07-14 17:22,143.87
2025-07-14 17:23,122.53636363636365
2025-07-14 17:24,120.7
2025-07-14 17:25,130.5090909090909
2025-07-14 17:26,123.26363636363637
2025-07-14 17:27,131.95999999999998
2025-07-14 17:28,142.4090909090909
2025-07-14 17:29,139.9090909090909
2025-07-14 17:30,145.75454545454545
2025-07-14 17:31,156.02727272727273
2025-07-14 17:32,166.84545454545454
2025-07-14 17:33,175.78
2025-07-14 17:34,174.1
2025-07-14 17:35,168.37272727272727
2025-07-14 17:36,171.96363636363637
2025-07-14 17:37,183.35
2025-07-14 17:38,179.82999999999998
2025-07-14 17:39,169.4909090909091
2025-07-14 17:40,152.86363636363637
2025-07-14 17:41,143.0090909090909
2025-07-14 17:42,126.34545454545454
2025-07-14 17:43,120.87272727272726
2025-07-14 17:44,116.57272727272726
2025-07-14 17:45,117.4
2025-07-14 18:01,121.3
2025-07-14 20:30,120.04444444444445
2025-07-14 20:31,117.71818181818183
2025-07-14 20:32,112.7
2025-07-14 23:06,114.3
2025-07-14 23:07,109.41818181818181
2025-07-14 23:08,107.47272727272728
2025-07-14 23:09,99.53636363636365
2025-07-14 23:10,95.51818181818182
2025-07-14 23:11,102.95454545454545
2025-07-15 00:19,100.12857142857142
2025-07-15 00:20,116.64545454545456
2025-07-15 00:21,107.3
2025-07-15 01:02,91.97500000000001
2025-07-15 01:03,86.38571428571429
2025-07-15 15:26,95.5
2025-07-15 15:27,99.42999999999999
2025-07-15 16:50,100.03333333333335
2025-07-15 16:51,107.2909090909091
2025-07-15 16:52,115.39090909090909
2025-07-15 16:53,126.04545454545455
2025-07-15 16:54,123.1
2025-07-15 16:55,107.7909090909091
2025-07-15 16:56,117.38181818181819
2025-07-15 16:57,124.32727272727271
2025-07-15 16:58,125.33636363636364
2025-07-15 16:59,124.30909090909091
2025-07-15 17:00,134.6
2025-07-15 19:01,93.25
2025-07-15 19:02,95.2
2025-07-15 19:03,89.67272727272727
2025-07-15 19:04,93.89090909090909
2025-07-15 19:05,94.34444444444445
2025-07-15 19:06,98.04545454545455
2025-07-15 19:07,87.2090909090909
2025-07-15 19:08,81.2909090909091
2025-07-15 19:09,85.21818181818182
2025-07-15 19:10,85.08181818181818
2025-07-15 19:11,89.82727272727273
2025-07-15 19:12,85.60000000000001
2025-07-15 19:13,84.13
2025-07-15 19:14,74.54545454545455
2025-07-15 19:15,62.42727272727273
2025-07-15 19:16,62.49090909090909
2025-07-15 19:17,69.62727272727273
2025-07-15 19:18,74.56363636363636
2025-07-15 19:19,80.33636363636364
2025-07-15 19:20,90.67272727272727
2025-07-15 19:21,95.67272727272729
2025-07-15 19:22,110.0
2025-07-15 19:23,113.13636363636364
2025-07-15 19:24,111.03636363636365
2025-07-15 19:25,102.68181818181819
2025-07-15 19:26,91.54545454545455
2025-07-15 19:27,82.26666666666667
2025-07-15 23:55,95.5
2025-07-15 23:56,108.37272727272726
2025-07-15 23:57,109.96363636363635
2025-07-15 23:58,118.12727272727274
2025-07-15 23:59,126.50833333333333
2025-07-16 00:00,119.45454545454545
2025-07-16 00:01,119.03
2025-07-16 00:02,106.975
2025-07-16 09:24,98.875
2025-07-16 13:34,107.46
2025-07-16 13:35,104.36363636363636
2025-07-16 13:36,98.93333333333334
2025-07-17 12:05,117.32000000000001
2025-07-17 12:06,120.1
2025-07-17 13:46,103.425
2025-07-17 13:47,101.61818181818181
2025-07-17 13:48,95.36363636363636
2025-07-17 13:49,89.94
2025-07-17 13:50,100.34545454545454
2025-07-17 13:51,106.03636363636365
2025-07-17 13:52,103.82727272727271
2025-07-17 13:53,101.5909090909091
2025-07-17 13:54,104.2
2025-07-17 13:55,111.72727272727273
2025-07-17 13:56,109.0090909090909
2025-07-17 13:57,113.95454545454545
2025-07-17 13:58,109.38
2025-07-17 17:37,116.38181818181819
2025-07-17 17:38,118.1
2025-07-17 17:39,114.21818181818183
2025-07-17 17:40,111.26666666666667
2025-07-17 17:41,124.85000000000001
2025-07-17 17:42,110.14444444444445
2025-07-18 14:32,107.35
2025-07-18 14:33,126.725
2025-07-18 14:34,105.55454545454545
2025-07-18 14:35,110.69090909090909
2025-07-18 14:36,115.3
2025-07-18 14:37,121.18181818181819
2025-07-18 14:38,119.5909090909091
2025-07-18 14:39,113.94545454545455
2025-07-18 14:40,102.24545454545455
2025-07-18 14:41,95.26
2025-07-18 14:42,113.02727272727272
2025-07-18 14:43,122.45454545454545
2025-07-18 14:44,123.08181818181819
2025-07-18 14:45,117.50999999999999
2025-07-18 14:46,124.2
2025-07-18 14:47,118.6
2025-07-18 14:48,111.62727272727274
2025-07-18 14:49,102.85454545454546
2025-07-18 14:50,94.0090909090909
2025-07-18 14:51,88.91818181818182
2025-07-18 14:52,75.98181818181818
2025-07-18 14:53,75.85
2025-07-18 14:54,75.22727272727273
2025-07-18 14:55,74.38181818181819
2025-07-18 14:56,81.28181818181818
2025-07-18 14:57,86.07272727272726
2025-07-18 14:58,87.89999999999999
2025-07-18 14:59,89.8
2025-07-19 10:47,105.05
2025-07-19 10:48,107.34545454545454
2025-07-19 10:49,108.325
2025-07-19 10:50,110.9
2025-07-19 10:51,108.06363636363636
2025-07-19 10:52,95.2090909090909
2025-07-19 10:53,96.72727272727273
2025-07-19 10:54,100.41818181818181
2025-07-19 10:55,109.55454545454545
2025-07-19 10:56,103.53636363636365
2025-07-19 10:57,107.48181818181818
2025-07-19 10:58,114.05454545454545
2025-07-19 10:59,116.73636363636363
2025-07-19 11:00,115.44545454545455
2025-07-19 11:01,128.5
2025-07-19 11:02,125.10000000000001
2025-07-19 11:03,130.60909090909092
2025-07-19 11:04,130.43636363636364
2025-07-19 11:05,137.3272727272727
2025-07-19 11:06,140.29999999999998
2025-07-19 11:07,123.4090909090909
2025-07-19 11:08,126.66363636363636
2025-07-19 11:09,130.94545454545457
2025-07-19 11:10,126.17
2025-07-19 11:11,125.21818181818183
2025-07-19 11:12,129.5818181818182
2025-07-19 11:13,127.35000000000001
2025-07-19 11:14,116.28181818181817
2025-07-19 11:15,103.5909090909091
2025-07-19 11:16,102.74545454545455
2025-07-19 11:17,101.98181818181818
2025-07-19 11:18,112.06363636363636
2025-07-19 11:19,128.37272727272727
2025-07-19 11:20,116.92999999999999
2025-07-19 11:21,108.75454545454545
2025-07-19 11:22,106.14545454545454
2025-07-19 11:23,100.76363636363637
2025-07-19 11:24,109.96363636363635
2025-07-19 11:25,108.95
2025-07-19 11:26,123.0090909090909
2025-07-19 11:27,137.14545454545453
2025-07-19 11:28,135.0909090909091
2025-07-19 11:29,131.1727272727273
2025-07-19 11:30,126.80999999999999
2025-07-19 11:31,125.7
2025-07-19 11:32,113.5090909090909
2025-07-19 11:33,112.23636363636363
2025-07-19 11:34,109.23636363636363
2025-07-19 11:35,91.01818181818182
2025-07-19 11:36,77.84545454545454
2025-07-19 11:37,65.32727272727273
2025-07-19 11:38,69.47500000000001
2025-07-19 11:39,79.60909090909091
2025-07-19 11:40,91.4
2025-07-19 11:41,93.36363636363636
2025-07-19 11:42,86.99090909090908
2025-07-19 11:43,81.67272727272727
2025-07-19 11:44,96.95454545454545
2025-07-19 11:45,100.7909090909091
2025-07-19 11:46,91.98181818181818
2025-07-19 11:47,84.10909090909091
2025-07-19 11:48,95.57272727272726
2025-07-19 11:49,110.2
2025-07-19 11:50,113.16363636363636
2025-07-19 11:51,114.2909090909091
2025-07-19 11:52,111.76363636363637
2025-07-19 11:53,119.25454545454545
2025-07-19 11:54,114.8
2025-07-19 11:55,115.19090909090909
2025-07-19 11:56,120.37272727272726
2025-07-19 11:57,114.25454545454545
2025-07-19 11:58,123.05454545454545
2025-07-19 11:59,124.26363636363637
2025-07-19 12:00,113.97272727272728
2025-07-19 12:01,115.3
2025-07-19 12:02,109.41818181818181
2025-07-19 12:03,123.88181818181819
2025-07-19 12:04,121.2909090909091
2025-07-19 12:05,120.65454545454546
2025-07-19 12:06,109.38181818181819
2025-07-19 12:07,107.82727272727271
2025-07-19 12:08,103.56363636363636
2025-07-19 12:09,114.7
2025-07-19 12:10,118.63636363636364
2025-07-19 12:11,117.10999999999999
2025-07-19 12:12,110.26363636363637
2025-07-19 12:13,111.5090909090909
2025-07-19 12:14,137.20000000000002
2025-07-19 12:15,129.38181818181818
2025-07-19 12:16,136.05454545454543
2025-07-19 12:17,138.5909090909091
2025-07-19 12:18,120.76363636363637
2025-07-19 12:19,115.84
2025-07-19 17:42,109.04444444444444
2025-07-19 17:43,107.89090909090909
2025-07-19 17:44,114.93333333333334
2025-07-19 17:52,107.75555555555555
2025-07-19 17:53,106.15454545454546
2025-07-19 17:54,105.12727272727274
2025-07-19 17:55,106.34545454545454
2025-07-19 17:56,106.85454545454546
2025-07-19 17:57,115.16363636363636
2025-07-19 17:58,111.59
2025-07-19 17:59,94.03636363636365
2025-07-19 18:00,84.39090909090909
2025-07-19 18:01,90.69090909090909
2025-07-19 18:02,84.2090909090909
2025-07-19 18:03,90.27272727272727
2025-07-19 18:04,98.60909090909091
2025-07-19 18:05,112.01818181818182
2025-07-19 18:06,110.04
2025-07-19 18:07,109.21818181818183
2025-07-19 18:08,117.27272727272727
2025-07-19 18:09,112.68181818181819
2025-07-19 18:10,116.33636363636364
2025-07-19 18:11,118.9
2025-07-19 18:12,125.31818181818181
2025-07-19 18:13,118.5090909090909
2025-07-19 18:14,114.35
2025-07-19 18:15,107.45454545454545
2025-07-19 18:16,103.21818181818183
2025-07-19 18:17,104.18181818181819
2025-07-19 18:18,102.85454545454546
2025-07-19 18:19,100.36363636363636
2025-07-19 18:20,101.36363636363636
2025-07-19 18:21,94.39090909090909
2025-07-19 18:22,91.24545454545455
2025-07-19 18:23,82.37272727272727
2025-07-19 18:24,81.10000000000001
2025-07-19 18:25,80.42999999999999
2025-07-19 18:26,87.28181818181818
2025-07-19 18:27,104.0909090909091
2025-07-19 18:28,105.08181818181819
2025-07-19 18:29,82.65454545454546
2025-07-19 18:30,81.00909090909092
2025-07-19 18:31,88.03636363636363
2025-07-19 18:32,107.62
2025-07-19 18:33,112.47272727272728
2025-07-19 18:34,112.5090909090909
2025-07-19 18:35,111.93636363636364
2025-07-19 18:36,117.35454545454546
2025-07-19 18:37,117.30999999999999
2025-07-19 18:38,126.05454545454545
2025-07-19 18:39,120.8
2025-07-19 18:40,124.2
2025-07-19 18:41,125.11818181818181
2025-07-19 18:42,117.27499999999999
2025-07-19 18:43,122.76363636363637
2025-07-19 18:44,122.46363636363635
2025-07-19 18:45,116.61818181818181
2025-07-19 18:46,124.05454545454545
2025-07-19 18:47,124.64000000000001
2025-07-19 18:48,129.3272727272727
2025-07-19 18:49,137.60909090909092
2025-07-19 18:50,134.8181818181818
2025-07-19 18:51,120.24545454545455
2025-07-19 18:52,131.92727272727274
2025-07-19 18:53,131.37272727272727
2025-07-19 18:54,116.74545454545455
2025-07-19 18:55,107.0090909090909
2025-07-19 18:56,115.13636363636364
2025-07-19 18:57,116.9909090909091
2025-07-19 18:58,115.75
2025-07-19 18:59,111.95454545454545
2025-07-19 19:00,107.74545454545455
2025-07-19 19:01,106.2909090909091
2025-07-19 19:02,91.8
2025-07-19 19:03,92.66363636363636
2025-07-19 19:04,99.54545454545455
2025-07-19 19:05,94.69090909090909
2025-07-19 19:06,94.89090909090909
2025-07-19 19:07,91.63
2025-07-19 19:08,109.75999999999999
2025-07-19 19:09,100.89999999999999
2025-07-19 19:10,97.63636363636364
2025-07-19 19:11,100.9
2025-07-19 19:12,104.67272727272729
2025-07-19 19:13,95.7
2025-07-19 19:14,95.07272727272726
2025-07-19 19:15,92.98181818181818
2025-07-19 19:16,88.31818181818181
2025-07-19 19:17,74.9090909090909
2025-07-19 19:18,87.89999999999999
2025-07-19 19:19,105.38181818181819
2025-07-19 19:20,115.86363636363636
2025-07-19 19:21,126.5909090909091
2025-07-19 19:22,138.25454545454545
2025-07-19 19:23,131.85454545454547
2025-07-19 19:24,124.4909090909091
2025-07-19 19:25,136.16363636363636
2025-07-19 19:26,139.28181818181818
2025-07-19 19:27,151.74
2025-07-19 19:28,152.875
2025-07-19 19:29,158.1222222222222
2025-07-19 19:36,107.1
2025-07-19 19:37,103.53
2025-07-19 19:38,99.80909090909091
2025-07-19 19:39,108.38181818181819
2025-07-19 19:40,108.38181818181819
2025-07-19 19:41,117.93636363636364
2025-07-19 19:42,109.4
2025-07-20 00:16,105.84285714285714
2025-07-20 00:17,104.125
2025-07-20 00:18,97.67272727272729
2025-07-20 00:19,82.00909090909092
2025-07-20 00:20,73.55454545454546
2025-07-20 00:21,75.0909090909091
2025-07-20 00:22,82.10909090909091
2025-07-20 00:23,88.54545454545455
2025-07-20 00:24,84.39090909090909
2025-07-20 00:25,87.35454545454546
2025-07-20 00:26,88.18181818181819
2025-07-20 00:27,78.96363636363637
2025-07-20 00:28,87.7090909090909
2025-07-20 00:29,93.60909090909091
2025-07-20 00:30,107.6
2025-07-20 00:31,116.73636363636363
2025-07-20 00:32,111.04545454545455
2025-07-20 00:33,111.28181818181817
2025-07-20 00:34,102.37272727272726
2025-07-20 00:35,104.9909090909091
2025-07-20 00:36,106.75999999999999
2025-07-20 00:37,107.42727272727274
2025-07-20 00:38,109.64166666666667
2025-07-20 00:39,104.17999999999999
2025-07-21 02:12,109.33333333333333
2025-07-21 02:13,105.825
2025-07-21 02:14,90.22727272727273
2025-07-21 02:15,73.64166666666667
2025-07-21 02:16,69.85000000000001
2025-07-21 02:17,61.17272727272727
2025-07-21 02:18,59.300000000000004
2025-07-21 02:19,60.73333333333333
2025-07-21 02:20,58.76666666666667
2025-07-21 02:21,61.96363636363637
2025-07-21 02:22,78.375
2025-07-21 02:23,92.5
2025-07-21 02:24,86.11818181818181
2025-07-21 02:25,82.80833333333334
2025-07-21 02:26,80.51666666666667
2025-07-21 02:27,85.08333333333333
2025-07-21 02:28,84.41818181818182
2025-07-21 02:29,71.10833333333333
2025-07-21 02:30,57.333333333333336
2025-07-21 02:31,58.4
2025-07-21 02:32,118.41
2025-07-21 02:33,114.83749999999999
2025-07-21 02:34,105.2
2025-07-21 02:35,110.73636363636363
2025-07-21 02:36,120.7
2025-07-21 02:37,129.79166666666666
2025-07-21 02:38,129.0909090909091
2025-07-21 02:39,126.08333333333333
2025-07-21 02:40,126.80833333333334
2025-07-21 02:41,129.55833333333334
2025-07-21 02:42,130.27272727272728
2025-07-21 02:43,141.45000000000002
2025-07-21 02:44,146.39999999999998
2025-07-21 02:45,147.125
2025-07-21 02:46,150.14000000000001
2025-07-21 02:49,112.17999999999999
2025-07-21 02:50,107.71
2025-07-21 02:51,105.87272727272726
2025-07-21 02:52,97.2
2025-07-21 03:01,103.35
2025-07-21 03:02,105.78181818181817
2025-07-21 03:03,106.77272727272727
2025-07-21 03:04,114.18181818181819
2025-07-21 03:05,114.04545454545455
2025-07-21 03:06,121.7909090909091
2025-07-21 03:07,129.47272727272727
2025-07-21 03:08,124.33
2025-07-21 03:09,115.2
2025-07-21 03:38,117.88571428571429
2025-07-21 03:39,124.7090909090909
2025-07-21 03:40,134.76
2025-07-21 04:22,119.73333333333333
2025-07-21 04:23,119.50833333333333
2025-07-21 04:24,104.3
2025-07-21 04:25,105.79166666666667
2025-07-21 04:26,97.87272727272726
2025-07-21 04:27,90.97500000000001
2025-07-21 04:28,96.35000000000001
2025-07-21 04:29,90.24166666666667
2025-07-21 04:30,97.9090909090909
2025-07-21 04:31,104.64166666666667
2025-07-21 04:32,94.19166666666666
2025-07-21 04:33,87.425
2025-07-21 04:34,80.26666666666667
2025-07-21 05:12,109.95555555555556
2025-07-21 05:13,110.45555555555556
2025-07-21 05:14,126.80909090909091
2025-07-21 05:15,138.35454545454544
2025-07-21 05:16,148.85999999999999
2025-07-21 05:17,151.47
2025-07-21 05:18,140.87272727272727
2025-07-21 05:19,145.71818181818182
2025-07-21 05:20,139.85454545454547
2025-07-21 05:21,133.93636363636364
2025-07-21 05:22,133.0090909090909
2025-07-21 05:23,148.1818181818182
2025-07-21 05:24,151.1727272727273
2025-07-21 05:25,150.3181818181818
2025-07-21 05:26,146.78181818181818
2025-07-21 05:27,121.98181818181818
2025-07-21 05:28,105.58
2025-07-21 05:29,90.16363636363636
2025-07-21 05:30,85.5909090909091
2025-07-21 05:31,80.43636363636364
2025-07-21 05:32,81.55454545454546
2025-07-21 05:33,76.75454545454545
2025-07-21 05:34,84.27777777777777
2025-07-21 05:35,109.28571428571429
2025-07-21 05:36,116.7
2025-07-21 05:37,131.72727272727272
2025-07-21 05:38,143.89090909090908
2025-07-21 05:39,151.23
2025-07-21 05:40,159.57999999999998
2025-07-21 05:41,164.11818181818182
2025-07-21 05:42,168.25454545454545
2025-07-21 05:43,173.87272727272727
2025-07-21 05:44,177.44545454545457
2025-07-21 05:45,178.04545454545453
2025-07-21 05:46,164.70000000000002
2025-07-21 05:47,168.9
2025-07-21 21:54,100.32
2025-07-21 21:55,91.7
2025-07-22 00:00,114.45
2025-07-22 00:01,111.97999999999999
2025-07-22 00:02,108.91428571428571
2025-07-30 22:31,107.60999999999999
2025-07-30 22:32,103.50999999999999
2025-07-30 22:33,97.97272727272728
2025-07-30 22:34,106.54
2025-07-30 22:35,102.9
2025-07-30 22:36,110.6
2025-07-30 22:37,108.58
2025-07-30 22:38,100.51818181818182
2025-07-30 22:39,102.32727272727271
2025-07-30 22:40,102.45
2025-07-30 22:41,98.19090909090909
2025-07-30 22:42,96.2090909090909
2025-07-30 22:43,82.39
2025-07-30 22:44,84.53636363636363
2025-07-30 22:45,85.77272727272727
2025-07-30 22:46,82.66363636363636
2025-07-30 22:47,86.28181818181818
2025-07-30 22:48,86.84
2025-07-30 22:49,86.83
2025-07-30 22:50,106.08
2025-07-30 22:51,98.66
2025-07-30 22:52,107.21
2025-07-30 22:53,109.9
2025-07-31 20:43,112.55000000000001
2025-07-31 20:44,118.14000000000001
2025-07-31 20:45,107.1
2025-07-31 20:46,108.3
2025-07-31 20:47,124.27777777777777
2025-08-03 15:42,114.0111111111111
2025-08-14 13:41,112.85
2025-08-14 13:42,106.5
2025-08-15 01:05,118.85000000000001
2025-08-15 01:06,118.15
2025-08-17 21:31,111.44545454545455
2025-08-17 21:32,121.93636363636364
2025-08-17 21:33,131.51818181818183
2025-08-17 21:34,123.78181818181817
2025-08-17 21:35,120.03636363636365
2025-08-17 21:36,129.27272727272728
2025-08-17 21:37,134.475
2025-08-17 21:38,135.4909090909091
2025-08-17 21:39,130.25454545454545
2025-08-17 21:40,127.85
2025-08-17 21:41,126.38181818181819
2025-08-17 21:42,128.45454545454547
2025-08-17 21:43,126.16363636363636
2025-08-17 21:44,106.4
2025-08-17 21:45,105.1
2025-08-17 21:46,100.64999999999999
2025-08-17 21:47,98.01818181818182
2025-08-17 21:48,95.72727272727273
2025-08-17 21:49,97.57272727272726
2025-08-17 21:50,111.02000000000001
2025-08-17 21:51,101.41818181818181
2025-08-17 21:52,105.54545454545455
2025-08-17 21:53,99.72727272727273
2025-08-17 21:54,88.85000000000001
2025-08-17 21:55,84.87272727272727
2025-08-17 21:56,87.08181818181818
2025-08-17 21:57,100.15454545454546
2025-08-17 21:58,89.10909090909091
2025-08-17 21:59,78.54545454545455
2025-08-17 22:00,70.85
2025-08-17 22:01,69.43636363636364
2025-08-17 22:02,67.15833333333333
2025-08-17 22:03,67.77272727272727
2025-08-17 22:04,55.472727272727276
2025-08-17 22:05,49.68181818181818
2025-08-17 22:06,49.41818181818182
2025-08-17 22:07,44.74545454545454
2025-08-17 22:08,32.08181818181818
2025-08-17 22:09,31.736363636363638
2025-08-17 22:10,19.81
2025-08-17 22:11,13.3
2025-08-17 22:12,11.181818181818182
2025-08-17 22:13,18.027272727272727
2025-08-17 22:14,16.87272727272727
2025-08-17 22:15,33.1
2025-08-17 22:16,40.49090909090909
2025-08-17 22:17,37.20909090909091
2025-08-17 22:18,45.300000000000004
2025-08-17 22:19,51.324999999999996
2025-08-17 22:20,49.82727272727273
2025-08-17 22:21,49.62
2025-08-17 22:22,46.81818181818182
2025-08-17 22:23,48.07272727272727
2025-08-17 22:24,54.74545454545455
2025-08-17 22:25,54.99090909090909
2025-08-17 22:26,63.59090909090909
2025-08-17 22:27,54.666666666666664
2025-08-17 22:28,67.42
2025-08-17 22:29,76.27272727272727
2025-08-17 22:30,83.27272727272727
2025-08-17 22:31,91.49090909090908
2025-08-17 22:32,98.03636363636365
2025-08-17 22:33,105.19090909090909
2025-08-17 22:34,116.81818181818181
2025-08-17 22:35,115.35454545454546
2025-08-17 22:36,123.80909090909091
2025-08-17 22:37,118.93636363636364
2025-08-17 22:38,104.91818181818181
2025-08-17 22:39,110.21818181818183
2025-08-17 22:40,107.45454545454545
2025-08-17 22:41,108.42727272727274
2025-08-17 22:42,116.1
2025-08-17 22:43,113.95454545454545
2025-08-17 22:44,96.21818181818183
2025-08-17 22:45,95.075
2025-08-17 22:46,97.2090909090909
2025-08-17 22:47,93.52727272727272
2025-08-17 22:48,96.75454545454545
2025-08-17 22:49,90.8
2025-08-17 22:50,84.81818181818181
2025-08-17 22:51,88.64545454545454
2025-08-17 22:52,103.97999999999999
2025-08-17 22:53,106.78333333333335
2025-08-17 22:54,107.63636363636364
2025-08-17 22:55,103.41818181818181
2025-08-17 22:56,118.60909090909091
2025-08-17 22:57,122.83636363636364
2025-08-17 22:58,125.92727272727274
2025-08-17 22:59,130.02727272727273
2025-08-17 23:00,120.3
2025-08-17 23:01,121.84545454545454
2025-08-17 23:02,124.69000000000001
2025-08-17 23:03,132.95454545454547
2025-08-17 23:04,129.9090909090909
2025-08-17 23:05,130.34545454545454
2025-08-17 23:06,128.73636363636365
2025-08-17 23:07,113.81818181818181
2025-08-17 23:08,120.4
2025-08-17 23:09,120.04545454545455
2025-08-17 23:10,126.9909090909091
2025-08-17 23:11,129.35454545454547
2025-08-17 23:12,130.72727272727272
2025-08-17 23:13,128.79090909090908
2025-08-17 23:14,124.15
2025-08-17 23:15,126.42727272727274
2025-08-17 23:16,132.93636363636364
2025-08-17 23:17,132.64545454545453
2025-08-17 23:18,144.78181818181818
2025-08-17 23:19,155.17272727272726
2025-08-17 23:20,150.36363636363637
2025-08-17 23:21,150.61818181818182
2025-08-17 23:22,150.0909090909091
2025-08-17 23:23,143.8090909090909
2025-08-17 23:24,149.86363636363637
2025-08-17 23:25,146.60999999999999
2025-08-17 23:26,146.64545454545453
2025-08-17 23:27,144.8090909090909
2025-08-17 23:28,142.87272727272727
2025-08-17 23:29,154.55454545454543
2025-08-17 23:30,164.56363636363636
2025-08-17 23:31,166.28181818181818
2025-08-17 23:32,159.74545454545455
2025-08-17 23:33,155.46363636363637
2025-08-17 23:34,163.16363636363636
2025-08-17 23:35,170.15
2025-08-17 23:36,174.0090909090909
2025-08-17 23:37,164.26
2025-08-17 23:38,162.33636363636361
2025-08-17 23:39,165.74545454545455
2025-08-17 23:40,171.38181818181818
2025-08-17 23:41,160.10909090909092
2025-08-17 23:42,156.0090909090909
2025-08-17 23:43,164.0
2025-08-17 23:44,172.32500000000002
2025-08-17 23:45,168.63
2025-08-17 23:46,160.8181818181818
2025-08-17 23:47,159.95454545454547
2025-08-17 23:48,157.6727272727273
2025-08-17 23:49,153.06
2025-08-17 23:50,154.81
2025-08-17 23:51,165.75454545454545
2025-08-17 23:52,171.8272727272727
2025-08-17 23:53,162.5818181818182
2025-08-17 23:54,157.72
2025-08-17 23:55,154.17272727272726
2025-08-17 23:56,159.37272727272727
2025-08-17 23:57,162.10909090909092
2025-08-17 23:58,170.55454545454543
2025-08-17 23:59,172.9181818181818
2025-08-18 00:00,173.24545454545455
2025-08-18 00:01,174.6
2025-08-18 00:02,158.2
2025-08-18 00:03,148.55
2025-08-18 00:04,148.6
2025-08-18 00:05,141.04545454545453
2025-08-18 00:06,146.1727272727273
2025-08-18 00:07,146.00909090909093
2025-08-18 00:08,157.93333333333334
2025-08-18 00:09,156.74545454545455
2025-08-18 00:10,161.92727272727274
2025-08-18 00:11,176.62727272727273
2025-08-18 00:12,190.55454545454543
2025-08-18 00:13,199.95
2025-08-18 00:14,209.6727272727273
2025-08-18 00:15,206.63636363636363
2025-08-18 00:16,202.15833333333333
2025-08-18 00:17,199.74545454545452
2025-08-18 00:18,195.83636363636361
2025-08-18 00:19,192.25454545454548
2025-08-18 00:20,190.37272727272727
2025-08-18 00:21,196.73636363636362
2025-08-18 00:22,196.0909090909091
2025-08-18 00:23,193.64000000000001
2025-08-18 00:24,188.5727272727273
2025-08-18 00:25,177.52727272727273
2025-08-18 00:26,178.67499999999998
2025-08-18 00:27,170.8181818181818
2025-08-18 00:28,169.44444444444446
2025-08-18 02:10,160.1
2025-08-18 04:43,158.1
2025-08-18 05:23,154.7
2025-08-18 06:09,158.8
2025-08-18 07:00,157.2
2025-08-18 08:45,157.1
2025-08-18 11:20,165.00909090909093
2025-08-18 11:21,167.62727272727273
2025-08-18 11:22,161.37272727272727
2025-08-18 11:23,175.17272727272726
2025-08-18 11:24,188.0090909090909
2025-08-18 11:25,184.63333333333333
2025-08-18 11:26,183.47272727272727
2025-08-18 11:27,183.15454545454546
2025-08-18 11:28,185.1818181818182
2025-08-18 11:29,180.74
2025-08-18 11:30,181.03636363636363
2025-08-18 11:31,179.4181818181818
2025-08-18 11:32,178.55454545454543
2025-08-18 11:33,181.70909090909092
2025-08-18 11:34,182.0909090909091
2025-08-18 11:35,196.47272727272727
2025-08-18 11:36,200.06363636363633
2025-08-18 11:37,201.3090909090909
2025-08-18 11:38,206.26363636363638
2025-08-18 11:39,205.9909090909091
2025-08-18 11:40,201.35999999999999
2025-08-18 11:41,203.96363636363637
2025-08-18 11:42,203.3909090909091
2025-08-18 11:43,188.3
2025-08-18 11:44,171.3272727272727
2025-08-18 11:45,159.76363636363638
2025-08-18 11:46,163.9909090909091
2025-08-18 11:47,159.89090909090908
2025-08-18 11:48,166.1
2025-08-18 11:49,178.3181818181818
2025-08-18 11:50,184.95999999999998
2025-08-18 11:51,194.0181818181818
2025-08-18 11:52,193.8909090909091
2025-08-18 11:53,193.02727272727273
2025-08-18 11:54,189.9090909090909
2025-08-18 11:55,190.62727272727273
2025-08-18 11:56,195.55454545454543
2025-08-18 11:57,201.8272727272727
2025-08-18 11:58,205.23636363636362
2025-08-18 11:59,205.76363636363638
2025-08-18 12:00,195.9818181818182
2025-08-18 12:01,190.35454545454547
2025-08-18 12:02,197.1090909090909
2025-08-18 12:03,202.85454545454547
2025-08-18 12:04,202.95454545454547
2025-08-18 12:05,195.74545454545452
2025-08-18 12:06,197.5181818181818
2025-08-18 12:07,197.24545454545452
2025-08-18 12:08,192.5727272727273
2025-08-18 12:09,179.74545454545455
2025-08-18 12:10,177.25454545454545
2025-08-18 12:11,176.98181818181817
2025-08-18 12:12,175.06363636363636
2025-08-18 12:13,159.0818181818182
2025-08-18 12:14,162.63
2025-08-18 12:15,173.9333333333333
2025-08-18 12:16,168.8181818181818
2025-08-18 12:17,168.70909090909092
2025-08-18 12:18,169.26363636363638
2025-08-18 12:19,164.10909090909092
2025-08-18 12:20,154.22727272727272
2025-08-18 12:21,148.9
2025-08-18 12:22,158.14545454545453
2025-08-18 12:23,151.29090909090908
2025-08-18 12:24,138.6727272727273
2025-08-18 12:25,130.46363636363637
2025-08-18 12:26,124.73636363636363
2025-08-18 12:27,134.1818181818182
2025-08-18 12:28,140.25454545454545
2025-08-18 12:29,135.4909090909091
2025-08-18 12:30,128.75833333333333
2025-08-18 12:31,128.05
2025-08-18 12:32,120.14545454545454
2025-08-18 12:33,116.02727272727272
2025-08-18 12:34,109.51818181818182
2025-08-18 12:35,89.36363636363636
2025-08-18 12:36,65.79090909090908
2025-08-18 12:37,61.49090909090909
2025-08-18 12:38,37.41818181818182
2025-08-18 12:39,35.190909090909095
2025-08-18 12:40,48.26363636363636
2025-08-18 12:41,64.77272727272727
2025-08-18 12:42,73.5909090909091
2025-08-18 12:43,83.36363636363636
2025-08-18 12:44,73.2
2025-08-18 12:45,74.94545454545454
2025-08-18 12:46,79.22727272727273
2025-08-18 12:47,82.86363636363636
2025-08-18 12:48,77.18181818181819
2025-08-18 12:49,73.80909090909091
2025-08-18 12:50,77.95454545454545
2025-08-18 12:51,78.02727272727272
2025-08-18 12:52,67.2909090909091
2025-08-18 12:53,78.38181818181819
2025-08-18 12:54,84.05454545454546
2025-08-18 12:55,85.05454545454546
2025-08-18 12:56,69.51818181818182
2025-08-18 12:57,68.56363636363636
2025-08-18 12:58,59.23636363636364
2025-08-18 12:59,61.2
2025-08-18 13:00,65.42727272727274
2025-08-18 13:01,52.14545454545455
2025-08-18 13:02,43.2
2025-08-18 13:03,28.775000000000002
2025-08-18 13:04,38.190909090909095
2025-08-18 13:05,39.40909090909091
2025-08-18 13:06,23.10909090909091
2025-08-18 13:07,17.081818181818182
2025-08-18 13:08,6.363636363636363
2025-08-18 13:09,0.8909090909090908
2025-08-18 13:10,13.609090909090908
2025-08-18 13:11,14.227272727272727
2025-08-18 13:12,4.6
2025-08-18 13:13,11.80909090909091
2025-08-18 13:14,15.236363636363636
2025-08-18 13:15,15.041666666666666
2025-08-18 13:16,25.55454545454546
2025-08-18 13:17,42.76363636363636
2025-08-18 13:18,42.163636363636364
2025-08-18 13:19,49.92727272727273
2025-08-18 13:20,45.21818181818182
2025-08-18 13:21,55.45454545454545
2025-08-18 13:22,63.65
2025-08-18 13:23,75.02727272727272
2025-08-18 13:24,80.99090909090908
2025-08-18 13:25,79.01666666666667
2025-08-18 13:26,79.06363636363636
2025-08-18 13:27,81.01818181818182
2025-08-18 13:28,75.39090909090909
2025-08-18 13:29,78.81818181818181
2025-08-18 13:30,83.99090909090908
2025-08-18 13:31,91.60000000000001
2025-08-18 13:32,81.46000000000001
2025-08-18 13:33,81.82727272727273
2025-08-18 13:34,78.58181818181818
2025-08-18 13:35,71.08181818181818
2025-08-18 13:36,78.80909090909091
2025-08-18 13:37,80.96363636363637
2025-08-18 13:38,85.32727272727273
2025-08-18 13:39,90.12727272727273
2025-08-18 13:40,88.47272727272728
2025-08-18 13:41,93.65454545454546
2025-08-18 13:42,88.13636363636364
2025-08-18 13:43,88.34
2025-08-18 13:44,80.5
2025-08-18 13:45,87.39090909090909
2025-08-18 13:46,94.71818181818183
2025-08-18 13:47,106.2909090909091
2025-08-18 13:48,113.42727272727274
2025-08-18 13:49,116.57272727272726
2025-08-18 13:50,119.51818181818182
2025-08-18 13:51,124.08181818181819
2025-08-18 13:52,128.38181818181818
2025-08-18 13:53,126.54545454545455
2025-08-18 13:54,106.92
2025-08-18 13:55,105.25454545454545
2025-08-18 13:56,100.48181818181818
2025-08-18 13:57,86.24545454545455
2025-08-18 13:58,76.075
2025-08-18 13:59,69.95454545454545
2025-08-18 14:00,55.290909090909096
2025-08-18 14:01,48.27272727272727
2025-08-18 14:02,52.17272727272727
2025-08-18 14:03,63.17272727272727
2025-08-18 14:04,61.27
2025-08-18 14:05,43.45454545454545
2025-08-18 14:06,43.663636363636364
2025-08-18 14:07,46.6090909090909
2025-08-18 14:08,45.88181818181818
2025-08-18 14:09,47.90833333333333
2025-08-18 14:10,53.21818181818182
2025-08-18 14:11,60.127272727272725
2025-08-18 14:12,55.89090909090908
2025-08-18 14:13,58.58181818181818
2025-08-18 14:14,67.59
2025-08-18 14:15,67.30909090909091
2025-08-18 14:16,62.73636363636364
2025-08-18 14:17,59.38181818181818
2025-08-18 14:18,71.2090909090909
2025-08-18 14:19,68.73333333333333
2025-08-18 14:20,65.61818181818181
2025-08-18 14:21,69.89999999999999
2025-08-18 14:22,76.94545454545454
2025-08-18 14:23,82.44545454545454
2025-08-18 14:24,83.0
2025-08-18 14:25,76.51818181818182
2025-08-18 14:26,86.80909090909091
2025-08-18 14:27,91.3
2025-08-18 14:28,100.36666666666667
2025-08-18 14:29,86.63636363636364
2025-08-18 14:30,95.52727272727272
2025-08-18 14:31,89.05454545454546
2025-08-18 14:32,74.07272727272726
2025-08-18 14:33,66.66363636363636
2025-08-18 14:34,66.47999999999999
2025-08-18 14:35,61.654545454545456
2025-08-18 14:36,77.21818181818182
2025-08-18 14:37,77.75
2025-08-18 14:38,80.36363636363636
2025-08-18 14:39,75.73636363636363
2025-08-18 14:40,61.5
2025-08-18 14:41,62.39090909090908
2025-08-18 14:42,65.21818181818182
2025-08-18 14:43,66.62727272727273
2025-08-18 14:44,76.12
2025-08-18 14:45,77.06363636363636
2025-08-18 14:46,81.44166666666666
2025-08-18 14:47,88.81818181818181
2025-08-18 14:48,88.0909090909091
2025-08-18 14:49,82.91818181818182
2025-08-18 14:50,82.16363636363636
2025-08-18 14:51,82.81818181818181
2025-08-18 14:52,82.07272727272726
2025-08-18 14:53,77.87272727272727
2025-08-18 14:54,73.66
2025-08-18 14:55,71.64166666666667
2025-08-18 14:56,69.58181818181818
2025-08-18 14:57,70.7
2025-08-18 14:58,85.14545454545454
2025-08-18 14:59,83.10000000000001
2025-08-18 15:00,79.87272727272727
2025-08-18 15:01,87.7
2025-08-18 15:02,69.26363636363637
2025-08-18 15:03,53.49090909090909
2025-08-18 15:04,53.654545454545456
2025-08-18 15:05,51.26363636363636
2025-08-18 15:06,41.81818181818182
2025-08-18 15:07,27.94545454545454
2025-08-18 15:08,26.50909090909091
2025-08-18 15:09,32.61818181818182
2025-08-18 15:10,31.745454545454546
2025-08-18 15:11,36.18181818181818
2025-08-18 15:12,31.61818181818182
2025-08-18 15:13,20.918181818181818
2025-08-18 15:14,13.009090909090908
2025-08-18 15:15,7.7727272727272725
2025-08-18 15:16,1.6727272727272726
2025-08-18 15:17,2.936363636363636
2025-08-18 15:18,5.5636363636363635
2025-08-18 15:19,4.7272727272727275
2025-08-18 15:20,6.636363636363637
2025-08-18 15:21,7.8
2025-08-18 15:22,22.0
2025-08-18 15:23,23.830000000000002
2025-08-18 15:24,22.436363636363637
2025-08-18 15:25,18.345454545454547
2025-08-18 15:26,3.4272727272727277
2025-08-18 15:27,21.59090909090909
2025-08-18 15:28,34.800000000000004
2025-08-18 15:29,22.445454545454545
2025-08-18 15:30,17.481818181818184
2025-08-18 15:31,7.283333333333334
2025-08-18 15:32,17.354545454545455
2025-08-18 15:33,13.2
2025-08-18 15:34,22.181818181818183
2025-08-18 15:35,24.50909090909091
2025-08-18 15:36,20.59090909090909
2025-08-18 15:37,29.50909090909091
2025-08-18 15:38,19.918181818181818
2025-08-18 15:39,13.154545454545454
2025-08-18 15:40,10.641666666666667
2025-08-18 15:41,11.854545454545455
2025-08-18 15:42,6.681818181818182
2025-08-18 15:43,11.57
2025-08-18 15:44,25.318181818181817
2025-08-18 15:45,34.5
2025-08-18 15:46,36.63636363636363
2025-08-18 15:47,31.372727272727275
2025-08-18 15:48,26.354545454545452
2025-08-18 15:49,24.858333333333334
2025-08-18 15:50,23.654545454545453
2025-08-18 15:51,8.554545454545455
2025-08-18 15:52,1.5272727272727273
2025-08-18 15:53,2.2
2025-08-18 15:54,0.8545454545454546
2025-08-18 15:55,8.454545454545455
2025-08-18 15:56,8.245454545454546
2025-08-18 15:57,2.9545454545454546
2025-08-18 15:58,5.883333333333333
2025-08-18 15:59,12.200000000000001
2025-08-18 16:00,4.381818181818182
2025-08-18 16:01,9.718181818181819
2025-08-18 16:02,18.845454545454547
2025-08-18 16:03,20.05
2025-08-18 16:04,15.418181818181818
2025-08-18 16:05,15.681818181818182
2025-08-18 16:06,16.39090909090909
2025-08-18 16:07,5.566666666666666
2025-08-18 16:08,12.063636363636363
2025-08-18 16:09,12.918181818181818
2025-08-18 16:10,7.972727272727273
2025-08-18 16:11,11.0
2025-08-18 16:12,16.945454545454545
2025-08-18 16:13,12.86
2025-08-18 16:14,2.8363636363636364
2025-08-18 16:15,1.8
2025-08-18 16:16,2.5727272727272728
2025-08-18 16:17,1.0
2025-08-18 16:18,2.0727272727272728
2025-08-18 16:19,1.9090909090909092
2025-08-18 16:20,7.881818181818182
2025-08-18 16:21,17.572727272727274
2025-08-18 16:22,26.55454545454546
2025-08-18 16:23,24.22
2025-08-18 16:24,23.21666666666667
2025-08-18 16:25,30.954545454545453
2025-08-18 16:26,42.60909090909091
2025-08-18 16:27,30.61818181818182
2025-08-18 16:28,13.918181818181818
2025-08-18 16:29,1.6272727272727272
2025-08-18 16:30,1.4636363636363638
2025-08-18 16:31,1.0090909090909093
2025-08-18 16:32,1.6818181818181819
2025-08-18 16:33,3.8636363636363638
2025-08-18 16:34,8.363636363636363
2025-08-18 16:35,1.4727272727272727
2025-08-18 16:36,2.3000000000000003
2025-08-18 16:37,2.372727272727273
2025-08-18 16:38,3.5818181818181816
2025-08-18 16:39,7.0181818181818185
2025-08-18 16:40,12.263636363636364
2025-08-18 16:41,20.436363636363637
2025-08-18 16:42,29.954545454545453
2025-08-18 16:43,33.336363636363636
2025-08-18 16:44,38.190909090909095
2025-08-18 16:45,37.809090909090905
2025-08-18 16:46,48.1
2025-08-18 16:47,48.96363636363637
2025-08-18 16:48,48.945454545454545
2025-08-18 16:49,38.872727272727275
2025-08-18 16:50,28.263636363636362
2025-08-18 16:51,28.345454545454547
2025-08-18 16:52,26.818181818181817
2025-08-18 16:53,35.58181818181818
2025-08-18 16:54,38.68181818181818
2025-08-18 16:55,29.072727272727274
2025-08-18 16:56,29.94545454545454
2025-08-18 16:57,23.09090909090909
2025-08-18 16:58,18.154545454545453
2025-08-18 16:59,10.200000000000001
2025-08-18 17:00,13.663636363636364
2025-08-18 17:01,15.65
2025-08-18 17:02,20.86
2025-08-18 17:03,15.336363636363636
2025-08-18 17:04,29.29090909090909
2025-08-18 17:05,47.627272727272725
2025-08-18 17:06,52.972727272727276
2025-08-18 17:07,66.10000000000001
2025-08-18 17:08,73.94545454545454
2025-08-18 17:09,76.45454545454545
2025-08-18 17:10,72.625
2025-08-18 17:11,74.92727272727274
2025-08-18 17:12,72.89
2025-08-18 17:13,64.2090909090909
2025-08-18 17:14,69.7
2025-08-18 17:15,66.0909090909091
2025-08-18 17:16,71.44545454545454
2025-08-18 17:17,72.10000000000001
2025-08-18 17:18,75.22727272727273
2025-08-18 17:19,80.65
2025-08-18 17:20,95.74545454545455
2025-08-18 17:21,103.0909090909091
2025-08-18 17:22,107.92
2025-08-18 17:23,101.72727272727273
2025-08-18 17:24,105.2090909090909
2025-08-18 17:25,102.87272727272726
2025-08-18 17:26,102.43636363636364
2025-08-18 17:27,103.05454545454545
2025-08-18 17:28,94.37272727272726
2025-08-18 17:29,98.85454545454546
2025-08-18 17:30,112.14545454545454
2025-08-18 17:31,96.98181818181818
2025-08-18 17:32,96.80909090909091
2025-08-18 17:33,94.16363636363636
2025-08-18 17:34,86.33636363636364
2025-08-18 17:35,82.7
2025-08-18 17:36,89.2909090909091
2025-08-18 17:37,97.5
2025-08-18 17:38,111.22727272727273
2025-08-18 17:39,105.41818181818181
2025-08-18 17:40,108.13636363636364
2025-08-18 17:41,106.35833333333333
2025-08-18 17:42,97.77000000000001
2025-08-18 17:43,96.26363636363637
2025-08-18 17:44,90.27272727272727
2025-08-18 17:45,74.0909090909091
2025-08-18 17:46,78.44545454545454
2025-08-18 17:47,66.88181818181818
2025-08-18 17:48,64.81818181818181
2025-08-18 17:49,72.05454545454546
2025-08-18 17:50,76.95
2025-08-18 17:51,71.44545454545454
2025-08-18 17:52,75.77000000000001
2025-08-18 17:53,73.72727272727273
2025-08-18 17:54,67.27272727272727
2025-08-18 17:55,59.25454545454545
2025-08-18 17:56,58.67272727272727
2025-08-18 17:57,50.472727272727276
2025-08-18 17:58,55.972727272727276
2025-08-18 17:59,43.82727272727273
2025-08-18 18:00,37.10909090909091
2025-08-18 18:01,35.36666666666667
2025-08-18 18:02,31.119999999999997
2025-08-18 18:03,40.02727272727273
2025-08-18 18:04,28.90909090909091
2025-08-18 18:05,25.372727272727275
2025-08-18 18:06,15.890909090909092
2025-08-18 18:07,7.1909090909090905
2025-08-18 18:08,3.9818181818181815
2025-08-18 18:09,2.9181818181818184
2025-08-18 18:10,6.545454545454546
2025-08-18 18:11,6.818181818181818
2025-08-18 18:12,7.49090909090909
2025-08-18 18:13,14.781818181818181
2025-08-18 18:14,19.40909090909091
2025-08-18 18:15,21.845454545454544
2025-08-18 18:16,30.927272727272726
2025-08-18 18:17,19.836363636363636
2025-08-18 18:18,19.87272727272727
2025-08-18 18:19,33.40909090909091
2025-08-18 18:20,12.645454545454545
2025-08-18 18:21,1.6090909090909091
2025-08-18 18:22,3.1727272727272724
2025-08-18 18:23,2.3727272727272726
2025-08-18 18:24,1.3181818181818181
2025-08-18 18:25,6.5
2025-08-18 18:26,3.727272727272727
2025-08-18 18:27,6.945454545454546
2025-08-18 18:28,0.8
2025-08-18 18:29,9.509090909090908
2025-08-18 18:30,10.954545454545455
2025-08-18 18:31,15.30909090909091
2025-08-18 18:32,10.545454545454545
2025-08-18 18:33,10.827272727272726
2025-08-18 18:34,21.71818181818182
2025-08-18 18:35,28.690909090909088
2025-08-18 18:36,16.754545454545454
2025-08-18 21:55,6.0
2025-08-18 22:10,4.2
2025-08-19 02:10,3.1
2025-08-19 05:12,6.1
2025-08-19 06:12,1.8
2025-08-19 09:15,0.0
2025-08-19 11:25,2.411111111111111
2025-08-19 11:26,6.318181818181818
2025-08-19 11:27,5.4
2025-08-19 11:28,4.99
2025-08-19 11:29,3.2857142857142856
2025-08-19 11:30,0.19999999999999998
2025-08-19 11:31,1.15
2025-08-19 11:32,5.116666666666666
2025-08-19 11:33,12.78
2025-08-19 11:34,18.633333333333333
2025-08-19 11:35,34.4375
2025-08-19 11:36,39.45
2025-08-19 11:37,34.9125
2025-08-19 11:38,39.4
2025-08-19 11:39,39.516666666666666
2025-08-19 11:40,41.35
2025-08-19 11:41,35.1125
2025-08-19 11:42,44.2125
2025-08-19 11:43,55.01428571428572
2025-08-19 11:44,54.475
2025-08-19 11:45,64.34285714285714
2025-08-19 11:46,74.54444444444444
2025-08-19 11:47,77.95
2025-08-19 11:48,77.24000000000001
2025-08-19 11:49,81.14
2025-08-19 11:50,69.98888888888888
2025-08-19 11:51,57.8
2025-08-19 11:52,57.15
2025-08-19 11:53,56.77
2025-08-19 11:54,59.53333333333333
2025-08-19 11:55,66.7
2025-08-19 11:56,58.266666666666666
2025-08-19 11:57,44.2
2025-08-19 11:58,40.44
2025-08-19 11:59,48.81
2025-08-19 12:00,45.160000000000004
2025-08-19 12:01,52.379999999999995
2025-08-19 12:02,49.82
2025-08-19 12:03,44.94
2025-08-19 12:04,48.78
2025-08-19 12:05,35.9
2025-08-19 12:06,31.2
2025-08-19 12:07,33.0875
2025-08-19 12:08,36.8
2025-08-19 12:09,33.88
2025-08-19 12:10,37.03333333333334
2025-08-19 12:11,44.14
2025-08-19 12:12,45.857142857142854
2025-08-19 12:13,37.57142857142857
2025-08-19 12:14,35.128571428571426
2025-08-19 12:15,35.56666666666666
2025-08-19 12:16,43.53333333333333
2025-08-19 12:17,59.142857142857146
2025-08-19 12:18,50.800000000000004
2025-08-19 12:19,48.6875
2025-08-19 12:20,53.69
2025-08-19 12:21,60.3625
2025-08-19 12:22,55.666666666666664
2025-08-19 12:23,54.76666666666667
2025-08-19 12:24,58.14
2025-08-19 12:25,72.3
2025-08-19 12:26,86.0625
2025-08-19 12:27,86.75
2025-08-19 12:28,91.4875
2025-08-19 12:29,98.575
2025-08-19 12:30,98.0
2025-08-19 12:31,97.46666666666665
2025-08-19 12:32,92.85714285714286
2025-08-19 12:33,90.225
2025-08-19 12:34,80.06666666666666
2025-08-19 12:35,78.94
2025-08-19 12:36,71.31666666666666
2025-08-19 12:37,69.3
2025-08-19 12:38,72.04285714285714
2025-08-19 12:39,66.12
2025-08-19 12:40,76.32222222222222
2025-08-19 12:41,87.0
2025-08-19 12:42,85.39999999999999
2025-08-19 12:43,91.1
2025-08-19 12:44,87.47777777777777
2025-08-19 12:45,88.88571428571429
2025-08-19 12:46,89.21428571428571
2025-08-19 12:47,94.32857142857142
2025-08-19 12:48,98.14
2025-08-19 12:49,101.44444444444444
2025-08-19 12:50,101.41428571428571
2025-08-19 12:51,103.08333333333333
2025-08-19 12:52,109.3
2025-08-19 12:53,112.63
2025-08-19 12:54,110.2125
2025-08-19 12:55,118.28333333333335
2025-08-19 12:56,111.57142857142857
2025-08-19 12:57,120.25555555555555
2025-08-19 12:58,122.36666666666666
2025-08-19 12:59,126.60000000000001
2025-08-19 13:00,117.93333333333334
2025-08-19 13:01,121.6
2025-08-19 13:02,117.84
2025-08-19 13:03,121.15714285714286
2025-08-19 13:04,112.33333333333333
2025-08-19 13:05,113.14285714285714
2025-08-19 13:06,120.75
2025-08-19 13:07,118.41250000000001
2025-08-19 13:08,114.36666666666667
2025-08-19 13:09,112.24285714285715
2025-08-19 13:10,112.14444444444445
2025-08-19 13:11,105.13
2025-08-19 13:12,102.67142857142858
2025-08-19 13:13,102.04285714285713
2025-08-19 13:14,106.82857142857142
2025-08-19 13:15,101.28888888888889
2025-08-19 13:16,93.22
2025-08-19 13:17,80.775
2025-08-19 13:18,76.42857142857143
2025-08-19 13:19,82.8875
2025-08-19 13:20,76.3875
2025-08-19 13:21,68.63333333333334
2025-08-19 13:22,61.1
2025-08-19 13:23,64.64285714285714
2025-08-19 13:24,57.57142857142857
2025-08-19 13:25,58.642857142857146
2025-08-19 13:26,58.62222222222223
2025-08-19 13:27,49.7
2025-08-19 13:28,51.075
2025-08-19 13:29,55.84285714285714
2025-08-19 13:30,63.325
2025-08-19 13:31,55.02222222222222
2025-08-19 13:32,52.15
2025-08-19 13:33,50.56
2025-08-19 13:34,59.42222222222222
2025-08-19 13:35,70.2
2025-08-19 13:36,70.94285714285715
2025-08-19 13:37,72.57142857142857
2025-08-19 13:38,71.19999999999999
2025-08-19 13:39,65.46000000000001
2025-08-19 13:40,70.39999999999999
2025-08-19 13:41,68.09
2025-08-19 13:42,70.75454545454545
2025-08-19 13:43,69.46363636363637
2025-08-19 13:44,83.19090909090909
2025-08-19 13:45,85.56
2025-08-19 13:46,81.07272727272726
2025-08-19 13:47,69.63636363636364
2025-08-19 13:48,54.88181818181818
2025-08-19 13:49,41.36363636363637
2025-08-19 13:50,39.43636363636364
2025-08-19 13:51,38.04545454545455
2025-08-19 13:52,32.58181818181818
2025-08-19 13:53,35.86363636363637
2025-08-19 13:54,37.190909090909095
2025-08-19 13:55,39.27272727272727
2025-08-19 13:56,46.06
2025-08-19 13:57,51.08
2025-08-19 13:58,52.660000000000004
2025-08-19 13:59,47.16
2025-08-19 14:00,46.49090909090909
2025-08-19 14:01,51.40909090909091
2025-08-19 14:02,59.80833333333334
2025-08-19 14:03,64.73636363636363
2025-08-19 14:04,66.16363636363636
2025-08-19 14:05,62.36363636363637
2025-08-19 14:06,79.51818181818182
2025-08-19 14:07,76.7
2025-08-19 14:08,77.94545454545454
2025-08-19 14:09,86.56
2025-08-19 14:10,90.89999999999999
2025-08-19 14:11,77.66363636363636
2025-08-19 14:12,74.51818181818182
2025-08-19 14:13,65.43636363636364
2025-08-19 14:14,70.35555555555555
2025-08-19 14:15,75.875
2025-08-19 14:16,69.55555555555556
2025-08-19 14:17,69.08
2025-08-19 14:18,77.66666666666667
2025-08-19 14:19,78.8375
2025-08-19 14:20,68.0875
2025-08-19 14:21,54.809090909090905
2025-08-19 14:22,50.28
2025-08-19 14:23,52.309090909090905
2025-08-19 14:24,45.08888888888889
2025-08-19 14:25,41.663636363636364
2025-08-19 14:26,41.86363636363637
2025-08-19 14:27,38.0
2025-08-19 14:28,47.709090909090904
2025-08-19 14:29,44.03636363636363
2025-08-19 14:30,37.65
2025-08-19 14:31,42.97272727272727
2025-08-19 14:32,53.15
2025-08-19 14:33,68.86363636363636
2025-08-19 14:34,65.32727272727273
2025-08-19 14:35,52.290909090909096
2025-08-19 14:36,41.77272727272727
2025-08-19 14:37,44.190909090909095
2025-08-19 14:38,54.35454545454545
2025-08-19 14:39,49.11818181818182
2025-08-19 14:40,57.42999999999999
2025-08-19 14:41,57.190909090909095
2025-08-19 14:42,57.33636363636364
2025-08-19 14:43,52.154545454545456
2025-08-19 14:44,41.60909090909091
2025-08-19 14:45,40.96363636363636
2025-08-19 14:46,56.64545454545455
2025-08-19 14:47,73.47272727272728
2025-08-19 14:48,74.87142857142858
2025-08-19 14:49,75.57142857142857
2025-08-19 14:50,77.30909090909091
2025-08-19 14:51,90.71818181818182
2025-08-19 14:52,94.69090909090909
2025-08-19 14:53,92.60909090909091
2025-08-19 14:54,94.64545454545454
2025-08-19 14:55,95.74545454545455
2025-08-19 14:56,98.39090909090909
2025-08-19 14:57,93.06
2025-08-19 16:46,98.80000000000001
2025-08-20 10:35,93.225
2025-08-20 10:36,81.44
2025-08-20 10:37,67.89999999999999
2025-08-20 10:38,56.46
2025-08-20 10:39,46.89090909090908
2025-08-20 10:40,40.49090909090909
2025-08-20 10:41,42.64
2025-08-20 10:42,40.945454545454545
2025-08-20 10:43,35.53636363636363
2025-08-20 10:44,35.9
2025-08-20 10:45,23.045454545454547
2025-08-20 10:46,20.37272727272727
2025-08-20 10:47,22.054545454545455
2025-08-20 10:48,19.38181818181818
2025-08-20 10:49,7.754545454545454
2025-08-20 10:50,5.79
2025-08-20 10:51,2.3200000000000003
2025-08-20 10:52,5.0249999999999995
2025-08-20 10:53,12.572727272727274
2025-08-20 10:54,15.954545454545455
2025-08-20 10:55,4.445454545454545
2025-08-20 10:56,10.572727272727272
2025-08-20 10:57,22.163636363636364
2025-08-20 10:58,28.627272727272725
2025-08-20 10:59,25.69090909090909
2025-08-20 11:00,8.245454545454546
2025-08-20 11:01,0.65
2025-08-20 11:02,1.0636363636363635
2025-08-20 11:03,9.181818181818182
2025-08-20 11:04,19.2
2025-08-20 11:05,18.772727272727273
2025-08-20 11:06,25.00909090909091
2025-08-20 11:07,19.408333333333335
2025-08-20 11:08,34.010000000000005
2025-08-20 11:09,36.03333333333333
2025-08-20 11:10,33.82727272727273
2025-08-20 11:11,34.660000000000004
2025-08-20 11:12,24.354545454545452
2025-08-20 11:13,21.2
2025-08-20 11:15,89.9
2025-08-20 11:16,137.32999999999998
2025-08-20 11:17,115.21111111111112
2025-08-20 11:18,109.28181818181817
2025-08-20 11:19,103.2090909090909
2025-08-20 11:20,102.9090909090909
2025-08-20 11:21,111.92727272727274
2025-08-20 11:22,109.60909090909091
2025-08-20 11:23,102.7
2025-08-20 11:24,100.43333333333334
2025-08-21 09:19,118.26249999999999
2025-08-21 09:20,104.39000000000001
2025-08-21 09:21,88.97142857142856
2025-08-21 09:26,111.21
2025-08-21 09:27,112.49000000000001
2025-08-21 09:28,117.85999999999999
2025-08-21 09:29,128.27
2025-08-21 09:30,150.03
2025-08-21 09:31,163.35999999999999
2025-08-21 09:32,168.4090909090909
2025-08-21 09:33,170.25
2025-08-21 09:34,178.9909090909091
2025-08-21 09:35,177.20999999999998
2025-08-21 09:36,174.91
2025-08-21 09:37,174.77272727272728
2025-08-21 09:38,175.87
2025-08-21 09:39,180.74545454545455
2025-08-21 09:40,197.49
2025-08-21 09:41,194.27
2025-08-21 09:42,191.6727272727273
2025-08-21 09:43,191.37272727272727
2025-08-21 09:44,192.18571428571428
